best_epoch,best_val_acc,test_acc
261,0.6352871975186946,0.5798700876909763
