best_epoch,best_val_acc,test_acc
225,0.5513459062723294,0.5256057978745745
