best_epoch,best_val_acc,test_acc
182,0.6890975981042382,0.6692202109498518
