best_epoch,best_val_acc,test_acc
153,0.6879891377197795,0.6701591022581073
