best_epoch,best_val_acc,test_acc
168,0.6093366680734739,0.5837006926446742
