best_epoch,best_val_acc,test_acc
200,0.6782982953386336,0.6619904241652431
